"user_id","name","screen_name","location","description","url","protected","followers_count","friends_count","listed_count","created_at","favourites_count","utc_offset","time_zone","geo_enabled","verified","statuses_count","lang","contributors_enabled","is_translator","is_translation_enabled","profile_background_color","profile_background_image_url","profile_background_image_url_https","profile_background_tile","profile_image_url","profile_image_url_https","profile_banner_url","profile_link_color","profile_sidebar_border_color","profile_sidebar_fill_color","profile_text_color","profile_use_background_image","has_extended_profile","default_profile","default_profile_image","following","follow_request_sent","notifications","translator_type"
"x1075893326602153984","Stadia","GoogleStadia","","Play for everyone. Try Stadia for free today and start playing games on screens you already own.","https://t.co/oUSXLJSBaa",FALSE,250803,120,1372,2018-12-20 23:18:52,16444,,,FALSE,TRUE,45082,,FALSE,FALSE,FALSE,"000000","http://abs.twimg.com/images/themes/theme1/bg.png","https://abs.twimg.com/images/themes/theme1/bg.png",FALSE,"http://pbs.twimg.com/profile_images/1108050688259567616/qKRunTYM_normal.png","https://pbs.twimg.com/profile_images/1108050688259567616/qKRunTYM_normal.png","https://pbs.twimg.com/profile_banners/1075893326602153984/1607019326","9B0063","000000","000000","000000",FALSE,FALSE,FALSE,FALSE,FALSE,FALSE,FALSE,"none"
"x803263807489536000","YouTube TV","YouTubeTV","","TV made yours <U+0001F4FA><U+2795>

 For YouTube TV support, tweet @TeamYouTube","https://t.co/e6unRB5uaW",FALSE,259382,463,942,2016-11-28 15:46:30,5692,,,TRUE,TRUE,13480,,FALSE,FALSE,FALSE,"000000","http://abs.twimg.com/images/themes/theme1/bg.png","https://abs.twimg.com/images/themes/theme1/bg.png",FALSE,"http://pbs.twimg.com/profile_images/1315705205757931522/cX5cKpLc_normal.jpg","https://pbs.twimg.com/profile_images/1315705205757931522/cX5cKpLc_normal.jpg","https://pbs.twimg.com/profile_banners/803263807489536000/1602523541","292929","000000","000000","000000",FALSE,FALSE,FALSE,FALSE,FALSE,FALSE,FALSE,"none"
"x799141921461452800","Google Brain","GoogleBrain","","This account is no longer active. Follow @GoogleAI for the latest updates from Google.",,TRUE,5159,3,153,2016-11-17 06:47:36,0,,,FALSE,FALSE,3,,FALSE,FALSE,FALSE,"F5F8FA",,,FALSE,"http://abs.twimg.com/sticky/default_profile_images/default_profile_normal.png","https://abs.twimg.com/sticky/default_profile_images/default_profile_normal.png",,"1DA1F2","C0DEED","DDEEF6","333333",TRUE,FALSE,TRUE,TRUE,FALSE,FALSE,FALSE,"none"
"x796092645193846784","Waymo","Waymo","Mountain View, CA","Waymo is an autonomous driving technology company creating a new way forward in mobility.","https://t.co/i1uBCCpct5",FALSE,62423,89,820,2016-11-08 20:50:52,539,,,FALSE,TRUE,824,,FALSE,FALSE,FALSE,"F5F8FA",,,FALSE,"http://pbs.twimg.com/profile_images/808733022203719681/3PVUd1-n_normal.jpg","https://pbs.twimg.com/profile_images/808733022203719681/3PVUd1-n_normal.jpg","https://pbs.twimg.com/profile_banners/796092645193846784/1583186040","1DA1F2","C0DEED","DDEEF6","333333",TRUE,FALSE,TRUE,FALSE,FALSE,FALSE,FALSE,"none"
"x776196808909336577","Made By Google","madebygoogle","","Made to be helpful","https://t.co/YZizurYCgt",FALSE,375459,9,2224,2016-09-14 23:11:55,35371,,,TRUE,TRUE,196986,,FALSE,FALSE,FALSE,"000000","http://abs.twimg.com/images/themes/theme1/bg.png","https://abs.twimg.com/images/themes/theme1/bg.png",FALSE,"http://pbs.twimg.com/profile_images/781203065454022674/DghC5a3s_normal.jpg","https://pbs.twimg.com/profile_images/781203065454022674/DghC5a3s_normal.jpg","https://pbs.twimg.com/profile_banners/776196808909336577/1607392264","1B95E0","000000","000000","000000",FALSE,FALSE,FALSE,FALSE,FALSE,FALSE,FALSE,"none"
"x762692626403373060","Google's Product Experts Program","GooglePEProgram","Mountain View, CA","Google's Product Experts help everyday Google users get the most out of Google's products.

Learn more at: https://t.co/667iy50ksK","https://t.co/667iy50ksK",FALSE,8662,413,133,2016-08-08 16:51:07,1514,,,TRUE,TRUE,5046,,FALSE,FALSE,FALSE,"F5F8FA",,,FALSE,"http://pbs.twimg.com/profile_images/1050430241405956096/FdaOGCOM_normal.jpg","https://pbs.twimg.com/profile_images/1050430241405956096/FdaOGCOM_normal.jpg","https://pbs.twimg.com/profile_banners/762692626403373060/1539277165","1DA1F2","C0DEED","DDEEF6","333333",TRUE,FALSE,TRUE,FALSE,FALSE,FALSE,FALSE,"none"
"x734854525375287298","Google My Business","GoogleMyBiz","","Support & updates from the Google My Business team.","https://t.co/rlisi1cqsi",FALSE,62354,1,710,2016-05-23 21:12:26,69,,,FALSE,TRUE,17579,,FALSE,FALSE,FALSE,"F5F8FA",,,FALSE,"http://pbs.twimg.com/profile_images/882292548722507776/9MimeNwm_normal.jpg","https://pbs.twimg.com/profile_images/882292548722507776/9MimeNwm_normal.jpg","https://pbs.twimg.com/profile_banners/734854525375287298/1464045124","1DA1F2","C0DEED","DDEEF6","333333",TRUE,FALSE,TRUE,FALSE,FALSE,FALSE,FALSE,"none"
"x4783690002","DeepMind","DeepMind","London, UK","We research and build safe artificial intelligence systems. Our goal is to solve intelligence and advance scientific discovery for all. More: https://t.co/UunulS3i0g","https://t.co/8B3TFFIGoP",FALSE,397604,117,4992,2016-01-19 13:46:08,380,,,FALSE,TRUE,1626,,FALSE,FALSE,FALSE,"F5F8FA",,,FALSE,"http://pbs.twimg.com/profile_images/1159850198119657472/WXaSuSOk_normal.jpg","https://pbs.twimg.com/profile_images/1159850198119657472/WXaSuSOk_normal.jpg","https://pbs.twimg.com/profile_banners/4783690002/1565364897","1DA1F2","C0DEED","DDEEF6","333333",TRUE,FALSE,TRUE,FALSE,FALSE,FALSE,FALSE,"none"
"x4483327348","Wear OS by Google","WearOSbyGoogle","","Android Wear is now #WearOSbyGoogle! Make every minute matter with a smartwatch that keeps you connected to your health and the people and info you care about.","https://t.co/t18kiQQWDI",FALSE,142131,361,963,2015-12-14 17:20:21,1052,,,FALSE,TRUE,5563,,FALSE,FALSE,FALSE,"000000","http://abs.twimg.com/images/themes/theme1/bg.png","https://abs.twimg.com/images/themes/theme1/bg.png",FALSE,"http://pbs.twimg.com/profile_images/974323315018948609/vqb04zdQ_normal.jpg","https://pbs.twimg.com/profile_images/974323315018948609/vqb04zdQ_normal.jpg","https://pbs.twimg.com/profile_banners/4483327348/1539202012","ABB8C2","000000","000000","000000",FALSE,FALSE,FALSE,FALSE,FALSE,FALSE,FALSE,"none"
"x4450356159","GooglePlayNewsstand","GoogleNewsstand","","We've moved! Google Play Newsstand is now Google News.
For all things @GoogleNewsstand follow @googlenews.","https://t.co/QqZ4zFwtPr",TRUE,2948,213,114,2015-12-11 17:01:44,122,,,FALSE,FALSE,3762,,FALSE,FALSE,FALSE,"F5F8FA",,,FALSE,"http://pbs.twimg.com/profile_images/765588831852761088/9p6nTqUi_normal.jpg","https://pbs.twimg.com/profile_images/765588831852761088/9p6nTqUi_normal.jpg","https://pbs.twimg.com/profile_banners/4450356159/1540302960","1DA1F2","C0DEED","DDEEF6","333333",TRUE,FALSE,TRUE,FALSE,FALSE,FALSE,FALSE,"none"
"x3450662892","AMP Project","AMPhtml","","Official account of the AMP Project <U+26A1>. Follow for news, insights and support on AMP // YouTube <U+2192> https://t.co/46s0RyGYfa","https://t.co/bJvrGQhALy",FALSE,19088,32,371,2015-09-04 18:17:49,929,,,FALSE,TRUE,1513,,FALSE,FALSE,FALSE,"C0DEED","http://abs.twimg.com/images/themes/theme1/bg.png","https://abs.twimg.com/images/themes/theme1/bg.png",FALSE,"http://pbs.twimg.com/profile_images/1226932750596182016/lpoN_WD6_normal.jpg","https://pbs.twimg.com/profile_images/1226932750596182016/lpoN_WD6_normal.jpg","https://pbs.twimg.com/profile_banners/3450662892/1600719059","1DA1F2","C0DEED","DDEEF6","333333",TRUE,FALSE,TRUE,FALSE,FALSE,FALSE,FALSE,"none"
"x3307941657","Google Partners","googlepartners","","We’ve moved! You can now find Google Partners resources over at our new home @GoogleAds","https://t.co/vD7LnKcGGO",TRUE,25721,184,384,2015-06-04 09:17:40,11923,,,TRUE,TRUE,8391,,FALSE,FALSE,FALSE,"29B6F6","http://abs.twimg.com/images/themes/theme1/bg.png","https://abs.twimg.com/images/themes/theme1/bg.png",FALSE,"http://pbs.twimg.com/profile_images/697718138196996096/hLU5Vc35_normal.png","https://pbs.twimg.com/profile_images/697718138196996096/hLU5Vc35_normal.png","https://pbs.twimg.com/profile_banners/3307941657/1527080789","4285F4","000000","000000","000000",TRUE,FALSE,FALSE,FALSE,FALSE,FALSE,FALSE,"none"
"x3307218826","Google Play Music","GooglePlayMusic","","Transfer your library to @YouTubeMusic in 3 simple steps. Your new home for music is here.","https://t.co/X8YKu7dGrE",FALSE,222662,308,1107,2015-06-03 15:50:48,1059,,,FALSE,TRUE,16278,,FALSE,FALSE,FALSE,"000000","http://abs.twimg.com/images/themes/theme1/bg.png","https://abs.twimg.com/images/themes/theme1/bg.png",FALSE,"http://pbs.twimg.com/profile_images/761689987683389440/CY8K27tE_normal.jpg","https://pbs.twimg.com/profile_images/761689987683389440/CY8K27tE_normal.jpg","https://pbs.twimg.com/profile_banners/3307218826/1596570190","FF6633","000000","000000","000000",FALSE,FALSE,FALSE,FALSE,FALSE,FALSE,FALSE,"none"
"x3245142196","Google News Initiative","GoogleNewsInit","San Francisco, CA","Our effort to help news organizations and journalists thrive in the digital age.","https://t.co/6WQhyCRkSl",FALSE,113561,230,2279,2015-05-10 17:09:58,1940,,,TRUE,TRUE,3575,,FALSE,FALSE,FALSE,"131516","http://abs.twimg.com/images/themes/theme14/bg.gif","https://abs.twimg.com/images/themes/theme14/bg.gif",TRUE,"http://pbs.twimg.com/profile_images/976112586528784385/4WNT1R6Q_normal.jpg","https://pbs.twimg.com/profile_images/976112586528784385/4WNT1R6Q_normal.jpg","https://pbs.twimg.com/profile_banners/3245142196/1521558388","009999","EEEEEE","EFEFEF","333333",TRUE,FALSE,FALSE,FALSE,FALSE,FALSE,FALSE,"none"
"x3119988399","GoogleTrends","GoogleTrends","California","Official Google data and visualizations from the @GoogleNewsInit team. Sign up for our newsletter: https://t.co/lUjuWaMCDm","https://t.co/GAleG6JxUy",FALSE,500665,7,3287,2015-03-26 22:59:01,21,,,TRUE,TRUE,9918,,FALSE,FALSE,FALSE,"022330","http://abs.twimg.com/images/themes/theme1/bg.png","https://abs.twimg.com/images/themes/theme1/bg.png",FALSE,"http://pbs.twimg.com/profile_images/880534343008927744/cRCD7iF7_normal.jpg","https://pbs.twimg.com/profile_images/880534343008927744/cRCD7iF7_normal.jpg","https://pbs.twimg.com/profile_banners/3119988399/1441130779","000000","000000","000000","000000",TRUE,FALSE,FALSE,FALSE,FALSE,FALSE,FALSE,"none"
"x3119852399","Google Fi","googlefi","Global English","Say “hi” to Google Fi, a phone plan by Google. <U+0001F44B>
Available here for support Monday - Sunday, 5am-5pm PST (excluding US holidays).","http://t.co/N1S62W10Ul",FALSE,51287,14,477,2015-03-26 21:43:12,743,,,FALSE,TRUE,21885,,FALSE,FALSE,FALSE,"000000","http://abs.twimg.com/images/themes/theme1/bg.png","https://abs.twimg.com/images/themes/theme1/bg.png",FALSE,"http://pbs.twimg.com/profile_images/1067808309439131649/o7aObG_b_normal.jpg","https://pbs.twimg.com/profile_images/1067808309439131649/o7aObG_b_normal.jpg","https://pbs.twimg.com/profile_banners/3119852399/1543420959","0F9D58","000000","000000","000000",FALSE,FALSE,FALSE,FALSE,FALSE,FALSE,FALSE,"none"
"x2946570168","Tilt Brush","tiltbrush","","Tilt Brush by @Google lets you paint in 3D space with virtual reality. Available now for @SteamVR, PSVR, Windows MR, @oculus Rift, and Oculus Quest.  #TiltBrush","https://t.co/pDvQVu5Zv9",FALSE,17770,529,366,2014-12-28 16:24:17,8262,,,FALSE,TRUE,1548,,FALSE,FALSE,FALSE,"000000","http://abs.twimg.com/images/themes/theme1/bg.png","https://abs.twimg.com/images/themes/theme1/bg.png",FALSE,"http://pbs.twimg.com/profile_images/1082697493068926976/Kq1x0hri_normal.jpg","https://pbs.twimg.com/profile_images/1082697493068926976/Kq1x0hri_normal.jpg","https://pbs.twimg.com/profile_banners/2946570168/1565198950","91D2FA","000000","000000","000000",FALSE,FALSE,FALSE,FALSE,FALSE,FALSE,FALSE,"none"
"x2924427001","Google ATAP","GoogleATAP","Mountain View, CA","Google's Advanced Technology & Projects group is a band of believers & makers of the future. #JacquardbyGoogle & #ProjectSoli","https://t.co/9JQVCOiBFF",FALSE,28955,966,350,2014-12-09 19:51:52,1138,,,TRUE,TRUE,540,,FALSE,FALSE,FALSE,"000000","http://abs.twimg.com/images/themes/theme1/bg.png","https://abs.twimg.com/images/themes/theme1/bg.png",FALSE,"http://pbs.twimg.com/profile_images/1240756799793319936/geZ4fnhf_normal.jpg","https://pbs.twimg.com/profile_images/1240756799793319936/geZ4fnhf_normal.jpg","https://pbs.twimg.com/profile_banners/2924427001/1583358922","000000","000000","000000","000000",FALSE,FALSE,FALSE,FALSE,FALSE,FALSE,FALSE,"none"
"x2878812992","Google AR & VR","GoogleARVR","Virtually anywhere","We’re working to bring amazing new immersive experiences to the world.","https://t.co/t2WLHRLG9W",FALSE,144504,527,2334,2014-10-26 23:17:31,8788,,,TRUE,TRUE,2937,,FALSE,FALSE,FALSE,"000000","http://abs.twimg.com/images/themes/theme1/bg.png","https://abs.twimg.com/images/themes/theme1/bg.png",FALSE,"http://pbs.twimg.com/profile_images/993618394409615361/l_FrfYH4_normal.jpg","https://pbs.twimg.com/profile_images/993618394409615361/l_FrfYH4_normal.jpg","https://pbs.twimg.com/profile_banners/2878812992/1469827870","3369E8","000000","000000","000000",FALSE,FALSE,FALSE,FALSE,FALSE,FALSE,FALSE,"none"
"x2798536752","Local Guides","localguides","","Wherever you go in the world, Local Guides are there to help you explore on @googlemaps. Looking for support? Leave a comment on https://t.co/SyR3T6csaA.","https://t.co/7b9zcoizHo",FALSE,135154,107,1072,2014-09-08 20:31:00,39405,,,TRUE,TRUE,13644,,FALSE,FALSE,FALSE,"C0DEED","http://abs.twimg.com/images/themes/theme1/bg.png","https://abs.twimg.com/images/themes/theme1/bg.png",FALSE,"http://pbs.twimg.com/profile_images/1266046044867039233/eavTZfHz_normal.png","https://pbs.twimg.com/profile_images/1266046044867039233/eavTZfHz_normal.png","https://pbs.twimg.com/profile_banners/2798536752/1586789708","1DA1F2","C0DEED","DDEEF6","333333",TRUE,FALSE,TRUE,FALSE,FALSE,FALSE,FALSE,"regular"
"x2669636582","Google AdMob","GoogleAdMob","","Grow your app business with AdMob’s best-in-class tech. Gain insights about your users, drive more in-app purchases, and maximize your ad revenue.","http://t.co/xqiy7MFs6e",FALSE,79413,387,320,2014-07-22 14:53:31,1046,,,TRUE,TRUE,2669,,FALSE,FALSE,FALSE,"000000","http://abs.twimg.com/images/themes/theme1/bg.png","https://abs.twimg.com/images/themes/theme1/bg.png",FALSE,"http://pbs.twimg.com/profile_images/1041609010955337728/S_6isb6l_normal.jpg","https://pbs.twimg.com/profile_images/1041609010955337728/S_6isb6l_normal.jpg","https://pbs.twimg.com/profile_banners/2669636582/1551984579","D92323","000000","000000","000000",FALSE,FALSE,FALSE,FALSE,FALSE,FALSE,FALSE,"none"
"x2578927872","Primer","yourprimer","","Primer is a fast, easy way to learn new business and digital marketing skills. Made by @Google.","http://t.co/qX3KlzOGbe",FALSE,5240,146,189,2014-06-20 16:40:15,1536,,,FALSE,FALSE,807,,FALSE,FALSE,FALSE,"49B6AB","http://abs.twimg.com/images/themes/theme1/bg.png","https://abs.twimg.com/images/themes/theme1/bg.png",FALSE,"http://pbs.twimg.com/profile_images/984457966605754369/HKayHXqn_normal.jpg","https://pbs.twimg.com/profile_images/984457966605754369/HKayHXqn_normal.jpg","https://pbs.twimg.com/profile_banners/2578927872/1581092635","1B95E0","C0DEED","DDEEF6","333333",FALSE,FALSE,FALSE,FALSE,FALSE,FALSE,FALSE,"none"
"x2427421832","Google Design","GoogleDesign","","Supporting the future of design and technology","https://t.co/8cFPXL4vm3",FALSE,180896,465,3219,2014-04-04 15:04:57,2891,,,TRUE,TRUE,1785,,FALSE,FALSE,FALSE,"E1F5FE","http://abs.twimg.com/images/themes/theme1/bg.png","https://abs.twimg.com/images/themes/theme1/bg.png",FALSE,"http://pbs.twimg.com/profile_images/1258552008392544257/UfOSWDBP_normal.png","https://pbs.twimg.com/profile_images/1258552008392544257/UfOSWDBP_normal.png","https://pbs.twimg.com/profile_banners/2427421832/1588897157","149AEC","FFFFFF","000000","000000",TRUE,FALSE,FALSE,FALSE,FALSE,FALSE,FALSE,"none"
"x2281044080","Google for Startups","GoogleStartups","Mountain View, CA","Google for Startups brings the best of Google's products, connections, and best practices to enable startups to build something better.","https://t.co/4a33D9iKZ7",FALSE,169341,985,2424,2014-01-07 19:09:14,9113,,,TRUE,TRUE,6723,,FALSE,FALSE,FALSE,"FFFFFF","http://abs.twimg.com/images/themes/theme1/bg.png","https://abs.twimg.com/images/themes/theme1/bg.png",TRUE,"http://pbs.twimg.com/profile_images/1054428654917300225/4zB9RV9l_normal.jpg","https://pbs.twimg.com/profile_images/1054428654917300225/4zB9RV9l_normal.jpg","https://pbs.twimg.com/profile_banners/2281044080/1583779907","0084B4","000000","DDEEF6","333333",FALSE,FALSE,FALSE,FALSE,FALSE,FALSE,FALSE,"none"
"x2238243734","GoogleCrisisResponse","GoogleCR","","The official account for Google's Crisis Response team.","https://t.co/6J8zBZjr6C",FALSE,9730,179,360,2013-12-09 22:35:48,54,,,TRUE,FALSE,236,,FALSE,FALSE,FALSE,"C0DEED","http://abs.twimg.com/images/themes/theme1/bg.png","https://abs.twimg.com/images/themes/theme1/bg.png",FALSE,"http://pbs.twimg.com/profile_images/889872231353810944/xL3Wdbcj_normal.jpg","https://pbs.twimg.com/profile_images/889872231353810944/xL3Wdbcj_normal.jpg","https://pbs.twimg.com/profile_banners/2238243734/1500997116","1DA1F2","C0DEED","DDEEF6","333333",TRUE,FALSE,TRUE,FALSE,FALSE,FALSE,FALSE,"none"
"x1963617619","The Team at X","Theteamatx","","X is a moonshot factory. Our goal is to invent and launch breakthrough technologies that have the potential to solve the world's biggest problems.","https://t.co/ckO8yqSCOj",FALSE,27077,1644,487,2013-10-15 23:21:58,7878,,,TRUE,TRUE,2486,,FALSE,FALSE,FALSE,"C0DEED","http://abs.twimg.com/images/themes/theme1/bg.png","https://abs.twimg.com/images/themes/theme1/bg.png",TRUE,"http://pbs.twimg.com/profile_images/1321517203397771266/Ifgafw1e_normal.jpg","https://pbs.twimg.com/profile_images/1321517203397771266/Ifgafw1e_normal.jpg","https://pbs.twimg.com/profile_banners/1963617619/1603910346","0084B4","000000","DDEEF6","333333",TRUE,FALSE,FALSE,FALSE,FALSE,FALSE,FALSE,"none"
"x1914445698","Google Web Designer","GoogleWDesigner","","Google Web Designer empowers creative professionals to create cutting-edge advertising as well as engaging web content - for free.",,FALSE,24157,4,470,2013-09-28 15:35:19,221,,,FALSE,FALSE,484,,FALSE,FALSE,FALSE,"C0DEED","http://abs.twimg.com/images/themes/theme1/bg.png","https://abs.twimg.com/images/themes/theme1/bg.png",FALSE,"http://pbs.twimg.com/profile_images/378800000519773780/c3bbaa4fa2d2be338f2527275c3135c6_normal.png","https://pbs.twimg.com/profile_images/378800000519773780/c3bbaa4fa2d2be338f2527275c3135c6_normal.png","https://pbs.twimg.com/profile_banners/1914445698/1398379926","1DA1F2","C0DEED","DDEEF6","333333",TRUE,FALSE,TRUE,FALSE,FALSE,FALSE,FALSE,"none"
"x488683847","Google Docs","googledocs","","News and updates about Docs, Sheets, Slides, Sites, Forms, Keep, and more.","http://t.co/yrGm0vE5y6",FALSE,127941,214,1664,2012-02-10 18:36:44,2578,,,FALSE,TRUE,15706,,FALSE,FALSE,FALSE,"C0DEED","http://abs.twimg.com/images/themes/theme1/bg.png","https://abs.twimg.com/images/themes/theme1/bg.png",FALSE,"http://pbs.twimg.com/profile_images/1313395192603369477/bY0h6At7_normal.jpg","https://pbs.twimg.com/profile_images/1313395192603369477/bY0h6At7_normal.jpg","https://pbs.twimg.com/profile_banners/488683847/1601972790","0084B4","C0DEED","DDEEF6","333333",FALSE,FALSE,FALSE,FALSE,FALSE,FALSE,FALSE,"none"
"x447644824","Firebase","Firebase","The Internet","The tools and infrastructure to build better apps and grow successful businesses // Releases @FirebaseRelease // For support https://t.co/07yo9M8rF7","https://t.co/XyUlLbPcMW",FALSE,119654,32,1750,2011-12-27 03:47:52,6082,,,TRUE,TRUE,3525,,FALSE,FALSE,FALSE,"EBEBEB","http://abs.twimg.com/images/themes/theme7/bg.gif","https://abs.twimg.com/images/themes/theme7/bg.gif",TRUE,"http://pbs.twimg.com/profile_images/1012243829477392387/m3cEA33V_normal.jpg","https://pbs.twimg.com/profile_images/1012243829477392387/m3cEA33V_normal.jpg","https://pbs.twimg.com/profile_banners/447644824/1606854726","0073FF","DFDFDF","F3F3F3","333333",FALSE,FALSE,FALSE,FALSE,FALSE,FALSE,FALSE,"none"
"x382267114","Android","Android","Mountain View, CA","#Android is made for everyone. Follow along for the latest updates and stories behind our tech. Questions? Get assistance by using #AndroidHelp.","https://t.co/xdgsxbQFvc",FALSE,10558199,68,24504,2011-09-29 19:34:47,371,,,FALSE,TRUE,6204,,FALSE,FALSE,FALSE,"A5C639","http://abs.twimg.com/images/themes/theme13/bg.gif","https://abs.twimg.com/images/themes/theme13/bg.gif",FALSE,"http://pbs.twimg.com/profile_images/1164525925242986497/N5_DCXYQ_normal.jpg","https://pbs.twimg.com/profile_images/1164525925242986497/N5_DCXYQ_normal.jpg","https://pbs.twimg.com/profile_banners/382267114/1572903210","A5C639","EEEEEE","FFFFFF","333333",TRUE,FALSE,FALSE,FALSE,FALSE,FALSE,FALSE,"none"
"x327602105","GooglePlus","GooglePlus","Mountain View, CA","Stay up-to-date with the latest product launches and tips by following @gsuite.","https://t.co/w9DdEqNI8V",TRUE,70076,114,1259,2011-07-01 20:51:44,522,,,FALSE,TRUE,2275,,FALSE,FALSE,FALSE,"DD4B39","http://abs.twimg.com/images/themes/theme1/bg.png","https://abs.twimg.com/images/themes/theme1/bg.png",FALSE,"http://pbs.twimg.com/profile_images/1166421194335301633/f8J7CqNs_normal.jpg","https://pbs.twimg.com/profile_images/1166421194335301633/f8J7CqNs_normal.jpg","https://pbs.twimg.com/profile_banners/327602105/1566931473","ABB8C2","000000","000000","000000",FALSE,FALSE,FALSE,FALSE,FALSE,FALSE,FALSE,"none"
"x312189104","Google Civics","GoogleCivics","Washington, DC","Updates on our efforts to support the democratic process and civic engagement through Google tools.","https://t.co/OBYFelQkwy",FALSE,60172,820,1521,2011-06-06 18:34:34,241,,,FALSE,TRUE,1195,,FALSE,FALSE,FALSE,"FFFFFF","http://abs.twimg.com/images/themes/theme1/bg.png","https://abs.twimg.com/images/themes/theme1/bg.png",FALSE,"http://pbs.twimg.com/profile_images/1282779705104531456/g4ja4cw__normal.jpg","https://pbs.twimg.com/profile_images/1282779705104531456/g4ja4cw__normal.jpg","https://pbs.twimg.com/profile_banners/312189104/1594673490","1B95E0","FFFFFF","EBEFF9","000000",FALSE,FALSE,FALSE,FALSE,FALSE,FALSE,FALSE,"none"
"x309827046","Google Pay","GooglePay","","Say hello <U+0001F44B>  to a better relationship with money <U+0001F4B0>","https://t.co/I9rRUQd6kW",FALSE,97505,126,1314,2011-06-02 18:50:39,216,,,TRUE,TRUE,11661,,FALSE,FALSE,FALSE,"FFFFFF","http://abs.twimg.com/images/themes/theme1/bg.png","https://abs.twimg.com/images/themes/theme1/bg.png",FALSE,"http://pbs.twimg.com/profile_images/1329113828731146242/FzxBBPrs_normal.jpg","https://pbs.twimg.com/profile_images/1329113828731146242/FzxBBPrs_normal.jpg","https://pbs.twimg.com/profile_banners/309827046/1605720406","4285F4","FFFFFF","DDEEF6","333333",TRUE,FALSE,FALSE,FALSE,FALSE,FALSE,FALSE,"none"
"x300378623","Google Fiber","googlefiber","","Your internet. For tweeting. And so much more.

Need help? Tweet us @googlefiberhelp. And learn more at https://t.co/sPH7SOBBDA.","http://t.co/FvlSmHTtOP",FALSE,90813,608,1179,2011-05-17 17:26:20,3636,,,TRUE,TRUE,19331,,FALSE,FALSE,FALSE,"0091EA","http://abs.twimg.com/images/themes/theme1/bg.png","https://abs.twimg.com/images/themes/theme1/bg.png",FALSE,"http://pbs.twimg.com/profile_images/923193758589452288/HatSfUM1_normal.jpg","https://pbs.twimg.com/profile_images/923193758589452288/HatSfUM1_normal.jpg","https://pbs.twimg.com/profile_banners/300378623/1587657593","0091EA","FFFFFF","DDEEF6","333333",FALSE,FALSE,FALSE,FALSE,FALSE,FALSE,FALSE,"none"
"x297051931","Accelerate w/ Google","AccelwithGoogle","","Official Twitter handle for Google's #BusinessInclusion initiatives. https://t.co/6qCnjG29SQ","http://t.co/mopU5ouKna",FALSE,7805,356,164,2011-05-11 21:06:32,1005,,,TRUE,FALSE,1213,,FALSE,FALSE,FALSE,"FFFFFF","http://abs.twimg.com/images/themes/theme1/bg.png","https://abs.twimg.com/images/themes/theme1/bg.png",FALSE,"http://pbs.twimg.com/profile_images/641269006196846592/K6hHsfhP_normal.png","https://pbs.twimg.com/profile_images/641269006196846592/K6hHsfhP_normal.png","https://pbs.twimg.com/profile_banners/297051931/1536156798","8CB2BD","8CB2BD","424C55","8C94A2",TRUE,FALSE,FALSE,FALSE,FALSE,FALSE,FALSE,"none"
"x296459271","Google Doodles","GoogleDoodles","Mountain View, CA","We have no idea what to do with 280 characters — we're used to only 6! <U+2192> https://t.co/NOjpscQQvx","http://t.co/TvUKz9vr",FALSE,159086,40,1909,2011-05-10 20:02:46,1227,,,TRUE,TRUE,2023,,FALSE,FALSE,FALSE,"FFFFFF","http://abs.twimg.com/images/themes/theme1/bg.png","https://abs.twimg.com/images/themes/theme1/bg.png",FALSE,"http://pbs.twimg.com/profile_images/1322802995067695104/GVEIupBm_normal.png","https://pbs.twimg.com/profile_images/1322802995067695104/GVEIupBm_normal.png","https://pbs.twimg.com/profile_banners/296459271/1604216098","0084B4","C1C6EB","FFFFFF","333333",TRUE,FALSE,FALSE,FALSE,FALSE,FALSE,FALSE,"none"
"x289431709","Google Photos","googlephotos","","The home for your memories.","http://t.co/4VLlwWrgDi",FALSE,217309,59,2016,2011-04-28 16:52:03,1019,,,FALSE,TRUE,20858,,FALSE,FALSE,FALSE,"4285F4","http://abs.twimg.com/images/themes/theme1/bg.png","https://abs.twimg.com/images/themes/theme1/bg.png",FALSE,"http://pbs.twimg.com/profile_images/1276168382023229440/H99BdKOh_normal.jpg","https://pbs.twimg.com/profile_images/1276168382023229440/H99BdKOh_normal.jpg","https://pbs.twimg.com/profile_banners/289431709/1593097228","4285F4","000000","000000","000000",FALSE,FALSE,FALSE,FALSE,FALSE,FALSE,FALSE,"none"
"x257660675","Google for Nonprofits","googlenonprofit","","Spread the word about your nonprofit’s mission, engage new supporters, fundraise in more ways—do all this & more when you sign up for Google for Nonprofits.","http://t.co/sDSVxKECj1",FALSE,22598,299,857,2011-02-25 22:30:02,48,,,TRUE,TRUE,1180,,FALSE,FALSE,FALSE,"C0DEED","http://abs.twimg.com/images/themes/theme1/bg.png","https://abs.twimg.com/images/themes/theme1/bg.png",FALSE,"http://pbs.twimg.com/profile_images/1067559858566848512/And3f2C2_normal.jpg","https://pbs.twimg.com/profile_images/1067559858566848512/And3f2C2_normal.jpg","https://pbs.twimg.com/profile_banners/257660675/1592517180","FAB81E","C0DEED","DDEEF6","333333",TRUE,FALSE,FALSE,FALSE,FALSE,FALSE,FALSE,"none"
"x254218142","Google for Education","GoogleForEdu","USA","Helping prepare students to create the future. The best of Google, for education. Follow for product announcements, updates & news #GoogleEdu",,FALSE,637818,829,5920,2011-02-18 21:20:12,3138,,,TRUE,TRUE,16196,,FALSE,FALSE,FALSE,"FFFFFF","http://abs.twimg.com/images/themes/theme1/bg.png","https://abs.twimg.com/images/themes/theme1/bg.png",FALSE,"http://pbs.twimg.com/profile_images/961295529018761216/6w6owI4-_normal.jpg","https://pbs.twimg.com/profile_images/961295529018761216/6w6owI4-_normal.jpg","https://pbs.twimg.com/profile_banners/254218142/1588599626","4286F4","BBCCFF","EBEFF9","333333",FALSE,FALSE,FALSE,FALSE,FALSE,FALSE,FALSE,"none"
"x254107028","TensorFlow","TensorFlow","Mountain View, CA","TensorFlow is a fast, flexible, and scalable open-source machine learning library for research and production.","https://t.co/gxgTGHp5yO",FALSE,265605,99,2960,2011-02-18 16:21:31,210,,,TRUE,TRUE,1378,,FALSE,FALSE,FALSE,"000000","http://abs.twimg.com/images/themes/theme1/bg.png","https://abs.twimg.com/images/themes/theme1/bg.png",FALSE,"http://pbs.twimg.com/profile_images/1103339571977248768/FtFnqC38_normal.png","https://pbs.twimg.com/profile_images/1103339571977248768/FtFnqC38_normal.png","https://pbs.twimg.com/profile_banners/254107028/1584226541","FAB81E","000000","000000","000000",FALSE,FALSE,FALSE,FALSE,FALSE,FALSE,FALSE,"none"
"x248965136","Google Arts&Culture","googlearts","","For the Culturally Curious.
#GoogleArtsandCulture #MuseumFromHome","https://t.co/ncWCWqsAEH",FALSE,157808,1365,2781,2011-02-08 02:31:38,6949,,,TRUE,TRUE,9504,,FALSE,FALSE,FALSE,"343534","http://abs.twimg.com/images/themes/theme1/bg.png","https://abs.twimg.com/images/themes/theme1/bg.png",TRUE,"http://pbs.twimg.com/profile_images/735001230838104064/Oq6VPsg4_normal.jpg","https://pbs.twimg.com/profile_images/735001230838104064/Oq6VPsg4_normal.jpg","https://pbs.twimg.com/profile_banners/248965136/1540295334","DC9038","EEEEEE","000000","F0F0F0",FALSE,FALSE,FALSE,FALSE,FALSE,FALSE,FALSE,"none"
"x243381107","Google Play","GooglePlay","","We’re exploring the world’s greatest stories through movies, TV, games, apps, books and so much more. Up for new adventures and discoveries? Let’s play.","http://t.co/655Gl498Xy",FALSE,7135530,99,12135,2011-01-26 22:44:39,5061,,,TRUE,TRUE,201479,,FALSE,FALSE,FALSE,"FFFFFF","http://abs.twimg.com/images/themes/theme1/bg.png","https://abs.twimg.com/images/themes/theme1/bg.png",FALSE,"http://pbs.twimg.com/profile_images/808350098178670592/bYyZI8Bp_normal.jpg","https://pbs.twimg.com/profile_images/808350098178670592/bYyZI8Bp_normal.jpg","https://pbs.twimg.com/profile_banners/243381107/1573064756","0084B4","FFFFFF","DDEEF6","333333",FALSE,FALSE,FALSE,FALSE,FALSE,FALSE,FALSE,"none"
"x234923843","Google Fonts","googlefonts","","Making the web more beautiful, fast, and open through great typography.","https://t.co/kiMcDg6qEF",FALSE,65841,1456,1825,2011-01-06 22:34:23,714,,,TRUE,TRUE,2081,,FALSE,FALSE,FALSE,"FFFFFF","http://abs.twimg.com/images/themes/theme1/bg.png","https://abs.twimg.com/images/themes/theme1/bg.png",FALSE,"http://pbs.twimg.com/profile_images/1234963140011593730/QRlxU5Yp_normal.jpg","https://pbs.twimg.com/profile_images/1234963140011593730/QRlxU5Yp_normal.jpg","https://pbs.twimg.com/profile_banners/234923843/1583262010","FF5252","BBCCFF","EBEFF9","333333",FALSE,FALSE,FALSE,FALSE,FALSE,FALSE,FALSE,"none"
"x209645265","Google Accessibility","googleaccess","California, USA","The official Twitter account for Google's Accessibility team.","http://t.co/kx9iCAbyNR",FALSE,36284,448,1094,2010-10-29 16:13:12,1771,,,TRUE,TRUE,2244,,FALSE,FALSE,FALSE,"FFFFFF","http://abs.twimg.com/images/themes/theme1/bg.png","https://abs.twimg.com/images/themes/theme1/bg.png",FALSE,"http://pbs.twimg.com/profile_images/1001610268558831618/YU-ySicg_normal.jpg","https://pbs.twimg.com/profile_images/1001610268558831618/YU-ySicg_normal.jpg",,"2243BB","BBCCFF","EBEFF9","333333",TRUE,FALSE,FALSE,FALSE,FALSE,FALSE,FALSE,"none"
"x207773069","Nexus","googlenexus","Mountain View, CA","For all things Google Hardware, follow @madebygoogle","http://t.co/rDbC0QWtg8",TRUE,1087705,53,9651,2010-10-26 00:39:56,325,,,FALSE,TRUE,47579,,FALSE,FALSE,FALSE,"FAFAFA","http://abs.twimg.com/images/themes/theme1/bg.png","https://abs.twimg.com/images/themes/theme1/bg.png",FALSE,"http://pbs.twimg.com/profile_images/648894436861067265/lI_IbD1v_normal.jpg","https://pbs.twimg.com/profile_images/648894436861067265/lI_IbD1v_normal.jpg","https://pbs.twimg.com/profile_banners/207773069/1562948018","ABB8C2","FFFFFF","DDEEF6","333333",TRUE,FALSE,FALSE,FALSE,FALSE,FALSE,FALSE,"none"
"x175102903","Google Small Business","GoogleSmallBiz","","We provide #smallbiz owners with tips, tools & resources to grow their businesses online. For support with reviews & your Business Profile, contact @GoogleMyBiz","https://t.co/NztVdP24hz",FALSE,159808,358,2526,2010-08-05 17:03:02,4444,,,FALSE,TRUE,6909,,FALSE,FALSE,FALSE,"C0DEED","http://abs.twimg.com/images/themes/theme1/bg.png","https://abs.twimg.com/images/themes/theme1/bg.png",FALSE,"http://pbs.twimg.com/profile_images/875749462957670400/T0lwiBK8_normal.jpg","https://pbs.twimg.com/profile_images/875749462957670400/T0lwiBK8_normal.jpg","https://pbs.twimg.com/profile_banners/175102903/1607461757","0084B4","C0DEED","DDEEF6","333333",TRUE,FALSE,FALSE,FALSE,FALSE,FALSE,FALSE,"none"
"x168264219","Google Nest","googlenest","Home","Here for a more helpful <U+0001F3E0>. 
Find your helpful device <U+0001F449> https://t.co/WUgTNQ1ppZ","https://t.co/WUgTNQ1ppZ",FALSE,214630,8,2560,2010-07-18 21:45:03,27439,,,FALSE,TRUE,169203,,FALSE,FALSE,FALSE,"FFFFFF","http://abs.twimg.com/images/themes/theme1/bg.png","https://abs.twimg.com/images/themes/theme1/bg.png",TRUE,"http://pbs.twimg.com/profile_images/1125825862828347392/2et5ZEz3_normal.png","https://pbs.twimg.com/profile_images/1125825862828347392/2et5ZEz3_normal.png","https://pbs.twimg.com/profile_banners/168264219/1606897671","00AFD8","FFFFFF","FFFFFF","7B858E",FALSE,FALSE,FALSE,FALSE,FALSE,FALSE,FALSE,"none"
"x163975783","Experiments with Google","ExpWithGoogle","Google, Inc.","Awesome experiments coders are making with Chrome, AR, Android, WebVR, AI, and more, featured by Google.","https://t.co/WLXBNEEIDU",FALSE,20739,13,828,2010-07-07 18:50:14,110,,,FALSE,FALSE,1493,,FALSE,FALSE,FALSE,"000000","http://abs.twimg.com/images/themes/theme1/bg.png","https://abs.twimg.com/images/themes/theme1/bg.png",FALSE,"http://pbs.twimg.com/profile_images/925753486628732928/51RE3-8b_normal.jpg","https://pbs.twimg.com/profile_images/925753486628732928/51RE3-8b_normal.jpg","https://pbs.twimg.com/profile_banners/163975783/1399507575","F15416","FFFFFF","F5F5F5","000000",TRUE,FALSE,FALSE,FALSE,FALSE,FALSE,FALSE,"none"
"x113713261","Chrome Developers","ChromiumDev","Mountain View, CA","News & guidance for developers from the Google Chrome Developer Relations team.","https://t.co/b9JgHDUd68",FALSE,341577,70,5423,2010-02-12 19:48:38,1428,,,FALSE,TRUE,8742,,FALSE,FALSE,FALSE,"ECF0F5","http://abs.twimg.com/images/themes/theme1/bg.png","https://abs.twimg.com/images/themes/theme1/bg.png",FALSE,"http://pbs.twimg.com/profile_images/1316430904806440960/i47iiwIk_normal.jpg","https://pbs.twimg.com/profile_images/1316430904806440960/i47iiwIk_normal.jpg","https://pbs.twimg.com/profile_banners/113713261/1607631339","2A4C8A","FFFFFF","AAB7D0","333333",TRUE,FALSE,FALSE,FALSE,FALSE,FALSE,FALSE,"none"
"x111197966","Google Workspace Developers","workspacedevs","","Official Google Workspace Developer feed.",,FALSE,322839,45,2699,2010-02-04 03:22:30,31,,,FALSE,TRUE,702,,FALSE,FALSE,FALSE,"FFFFFF","http://abs.twimg.com/images/themes/theme1/bg.png","https://abs.twimg.com/images/themes/theme1/bg.png",FALSE,"http://pbs.twimg.com/profile_images/1313391216726163461/Z1ew7zfp_normal.jpg","https://pbs.twimg.com/profile_images/1313391216726163461/Z1ew7zfp_normal.jpg","https://pbs.twimg.com/profile_banners/111197966/1601971842","0084B4","C0DEED","FFFFFF","333333",FALSE,FALSE,FALSE,FALSE,FALSE,FALSE,FALSE,"none"
"x93711247","Android Developers","AndroidDev","Mountain View, CA","News and announcements for developers from the Android team // https://t.co/oFLh2KzaS8","https://t.co/5irDKaM7FE",FALSE,2044978,328,15900,2009-11-30 20:54:18,1409,,,FALSE,TRUE,4358,,FALSE,FALSE,FALSE,"000000","http://abs.twimg.com/images/themes/theme1/bg.png","https://abs.twimg.com/images/themes/theme1/bg.png",TRUE,"http://pbs.twimg.com/profile_images/1168932726461935621/VRtfrDXq_normal.png","https://pbs.twimg.com/profile_images/1168932726461935621/VRtfrDXq_normal.png","https://pbs.twimg.com/profile_banners/93711247/1609202147","8BC34A","FFFFFF","DDEEF6","333333",TRUE,FALSE,FALSE,FALSE,FALSE,FALSE,FALSE,"none"
"x91220126","Google Ads","GoogleAds","","The official channel for info & updates from the Google Ads team. For help, check out https://t.co/nsf9fWGKPh",,FALSE,596689,38,6760,2009-11-19 23:30:48,126,,,FALSE,TRUE,51447,,FALSE,FALSE,FALSE,"FFFFFF","http://abs.twimg.com/images/themes/theme1/bg.png","https://abs.twimg.com/images/themes/theme1/bg.png",FALSE,"http://pbs.twimg.com/profile_images/1021822138964004865/UimQskO__normal.jpg","https://pbs.twimg.com/profile_images/1021822138964004865/UimQskO__normal.jpg","https://pbs.twimg.com/profile_banners/91220126/1532464029","0000CC","FFFFFF","EBEFF9","000000",TRUE,FALSE,FALSE,FALSE,FALSE,FALSE,FALSE,"none"
"x80663030","Google Marketing Platform","GMktgPlatform","","Plan, buy, measure, and optimize digital media and customer experiences in one place with Google Marketing Platform","https://t.co/d577dT0OeA",FALSE,88954,484,1838,2009-10-07 19:46:40,342,,,TRUE,TRUE,2903,,FALSE,FALSE,FALSE,"FFFFFF","http://abs.twimg.com/images/themes/theme1/bg.png","https://abs.twimg.com/images/themes/theme1/bg.png",FALSE,"http://pbs.twimg.com/profile_images/1021749801858125826/MtGwGGYC_normal.jpg","https://pbs.twimg.com/profile_images/1021749801858125826/MtGwGGYC_normal.jpg","https://pbs.twimg.com/profile_banners/80663030/1561666831","1B95E0","C0DEED","BDE8EC","333333",FALSE,FALSE,FALSE,FALSE,FALSE,FALSE,FALSE,"none"
"x56505125","Chrome","googlechrome","Mountain View, California","The official Twitter account for the Google Chrome browser.","http://t.co/oQ8wOFCb4x",FALSE,6685677,106,17162,2009-07-13 21:51:56,240,,,FALSE,TRUE,107041,,FALSE,FALSE,FALSE,"C0DEED","http://abs.twimg.com/images/themes/theme1/bg.png","https://abs.twimg.com/images/themes/theme1/bg.png",TRUE,"http://pbs.twimg.com/profile_images/1037025533182193664/aCWlGSZF_normal.jpg","https://pbs.twimg.com/profile_images/1037025533182193664/aCWlGSZF_normal.jpg","https://pbs.twimg.com/profile_banners/56505125/1567177232","0084B4","C0DEED","DDEEF6","333333",TRUE,FALSE,FALSE,FALSE,FALSE,FALSE,FALSE,"none"
"x51263711","Google Analytics","googleanalytics","Most places","Get the latest news and product updates on Google Analytics, Data Studio, Optimize, Surveys, and Tag Manager. Learn more at https://t.co/d577dT0OeA","https://t.co/d577dT0OeA",FALSE,1145927,404,18627,2009-06-26 22:55:52,6624,,,FALSE,TRUE,11732,,FALSE,FALSE,FALSE,"DEDEDE","http://abs.twimg.com/images/themes/theme1/bg.png","https://abs.twimg.com/images/themes/theme1/bg.png",TRUE,"http://pbs.twimg.com/profile_images/1021848775885651968/cU74ahCn_normal.jpg","https://pbs.twimg.com/profile_images/1021848775885651968/cU74ahCn_normal.jpg","https://pbs.twimg.com/profile_banners/51263711/1532462694","0084B4","FFFFFF","DDFFCC","333333",TRUE,FALSE,FALSE,FALSE,FALSE,FALSE,FALSE,"none"
"x50090898","Google Developers","googledevs","","Now serving 2 Million subscribers on YouTube. Thanks for tuning in! https://t.co/PecU8JeURq","http://t.co/aBJokfscjb",FALSE,2391924,307,16831,2009-06-23 20:25:29,1508,,,TRUE,TRUE,6561,,FALSE,FALSE,FALSE,"FFFFFF","http://abs.twimg.com/images/themes/theme1/bg.png","https://abs.twimg.com/images/themes/theme1/bg.png",TRUE,"http://pbs.twimg.com/profile_images/1111670607026884609/ma2jqJKH_normal.png","https://pbs.twimg.com/profile_images/1111670607026884609/ma2jqJKH_normal.png","https://pbs.twimg.com/profile_banners/50090898/1609531253","4585F1","FFFFFF","E6E8EB","000000",TRUE,FALSE,FALSE,FALSE,FALSE,FALSE,FALSE,"regular"
"x47612389","YouTube en Español","YouTubeEspanol","Países de habla hispana","¡Bienvenidos al Twitter oficial de YouTube en Latinoamérica! Disfruta de todos los creadores, todas las tendencias y los mejores videos en un solo lugar.","https://t.co/ItQPNg1CHZ",FALSE,2398959,248,4669,2009-06-16 12:34:13,1321,,,FALSE,TRUE,5867,,FALSE,FALSE,FALSE,"DD2E44","http://abs.twimg.com/images/themes/theme9/bg.gif","https://abs.twimg.com/images/themes/theme9/bg.gif",FALSE,"http://pbs.twimg.com/profile_images/1323671014136492032/kMiHMkIT_normal.jpg","https://pbs.twimg.com/profile_images/1323671014136492032/kMiHMkIT_normal.jpg","https://pbs.twimg.com/profile_banners/47612389/1604422738","DD2E44","000000","252429","666666",TRUE,FALSE,FALSE,FALSE,FALSE,FALSE,FALSE,"none"
"x44886859","Google Travel","GoogleTravel","United States","News and updates about Google Flights, Trips, Hotels, Destinations and more.","https://t.co/65XpUyy8sl",TRUE,368165,1537,6658,2009-06-05 13:05:08,133,,,TRUE,TRUE,2466,,FALSE,FALSE,FALSE,"FFFFFF","http://abs.twimg.com/images/themes/theme1/bg.png","https://abs.twimg.com/images/themes/theme1/bg.png",FALSE,"http://pbs.twimg.com/profile_images/845407832400912386/maTvCyRn_normal.jpg","https://pbs.twimg.com/profile_images/845407832400912386/maTvCyRn_normal.jpg","https://pbs.twimg.com/profile_banners/44886859/1534186853","0000CC","BBCCFF","EBEFF9","333333",TRUE,FALSE,FALSE,FALSE,FALSE,FALSE,FALSE,"none"
"x43901113","YouTube Advertisers","YTAdvertisers","New York, NY","The latest trends, audience insights, and YouTube news to help inspire your digital video strategies.","https://t.co/rJzWTDyEeq",FALSE,204182,5725,2853,2009-06-01 15:16:00,2022,,,TRUE,TRUE,5157,,FALSE,FALSE,FALSE,"FFFFFF","http://abs.twimg.com/images/themes/theme1/bg.png","https://abs.twimg.com/images/themes/theme1/bg.png",FALSE,"http://pbs.twimg.com/profile_images/1288510127390232579/KnOUOEfv_normal.jpg","https://pbs.twimg.com/profile_images/1288510127390232579/KnOUOEfv_normal.jpg","https://pbs.twimg.com/profile_banners/43901113/1596126240","B31217","FFFFFF","FFFFFF","333333",FALSE,FALSE,FALSE,FALSE,FALSE,FALSE,FALSE,"none"
"x41865658","Google Earth Outreach","EarthOutreach","Mountain View, California, USA","You want to change the world, we want to help. #EarthEdu #EarthEngine","http://t.co/t9i1aWmuYx",FALSE,205521,1554,2016,2009-05-22 18:03:23,1122,,,TRUE,TRUE,2453,,FALSE,FALSE,FALSE,"C0DEED","http://abs.twimg.com/images/themes/theme1/bg.png","https://abs.twimg.com/images/themes/theme1/bg.png",FALSE,"http://pbs.twimg.com/profile_images/963455014504050688/3WDWYKWy_normal.jpg","https://pbs.twimg.com/profile_images/963455014504050688/3WDWYKWy_normal.jpg","https://pbs.twimg.com/profile_banners/41865658/1518540751","0084B4","FFFFFF","DDEEF6","333333",TRUE,FALSE,FALSE,FALSE,FALSE,FALSE,FALSE,"none"
"x38679388","Gmail","gmail","Mountain View, CA","News, tips and tricks from the Gmail team. Need help? Fly on over to our Help Center or forum.","http://t.co/t07FedBKq3",FALSE,6221570,115,17758,2009-05-08 14:53:10,163,,,FALSE,TRUE,221078,,FALSE,FALSE,FALSE,"BDBDBD","http://abs.twimg.com/images/themes/theme15/bg.png","https://abs.twimg.com/images/themes/theme15/bg.png",TRUE,"http://pbs.twimg.com/profile_images/1313394640393957378/L0W5hykJ_normal.jpg","https://pbs.twimg.com/profile_images/1313394640393957378/L0W5hykJ_normal.jpg","https://pbs.twimg.com/profile_banners/38679388/1556811427","D72D32","DDDDDD","FFFFFF","333333",TRUE,FALSE,FALSE,FALSE,FALSE,FALSE,FALSE,"none"
"x38267947","Google Calendar","googlecalendar","","The official Twitter home of Google Calendar","http://t.co/jHgctBngjx",FALSE,748481,138,8125,2009-05-06 20:26:25,144,,,FALSE,TRUE,11895,,FALSE,FALSE,FALSE,"FFFFFF","http://abs.twimg.com/images/themes/theme1/bg.png","https://abs.twimg.com/images/themes/theme1/bg.png",FALSE,"http://pbs.twimg.com/profile_images/1313395475257516037/4dYmDURO_normal.jpg","https://pbs.twimg.com/profile_images/1313395475257516037/4dYmDURO_normal.jpg","https://pbs.twimg.com/profile_banners/38267947/1590451207","4285F4","DFDFDF","F3F3F3","333333",FALSE,FALSE,FALSE,FALSE,FALSE,FALSE,FALSE,"none"
"x33838201","Google AI","GoogleAI","Mountain View, CA","Google AI is focused on bringing the benefits of AI to everyone. In conducting and applying our research, we advance the state-of-the-art in many domains.","https://t.co/WrL9sUqFHx",FALSE,1564407,21,15413,2009-04-21 06:59:33,6,,,TRUE,TRUE,1606,,FALSE,FALSE,FALSE,"C0DEED","http://abs.twimg.com/images/themes/theme1/bg.png","https://abs.twimg.com/images/themes/theme1/bg.png",FALSE,"http://pbs.twimg.com/profile_images/993649592422907904/yD7LkqU2_normal.jpg","https://pbs.twimg.com/profile_images/993649592422907904/yD7LkqU2_normal.jpg","https://pbs.twimg.com/profile_banners/33838201/1525739769","1DA1F2","C0DEED","DDEEF6","333333",TRUE,FALSE,TRUE,FALSE,FALSE,FALSE,FALSE,"none"
"x32468665","Google Drive","googledrive","Mountain View, CA","Google Drive is a safe place for all your files. Use Drive for free on all your devices. Visit http://t.co/ReoUx29Gxc to get started.","http://t.co/MEupiDOQrv",FALSE,2011412,105,9769,2009-04-17 16:30:28,12,,,FALSE,TRUE,27805,,FALSE,FALSE,FALSE,"C9C9C9","http://abs.twimg.com/images/themes/theme14/bg.gif","https://abs.twimg.com/images/themes/theme14/bg.gif",FALSE,"http://pbs.twimg.com/profile_images/1313395771304103947/g_ETxUbR_normal.jpg","https://pbs.twimg.com/profile_images/1313395771304103947/g_ETxUbR_normal.jpg","https://pbs.twimg.com/profile_banners/32468665/1441325525","4A913C","000000","000000","000000",FALSE,FALSE,FALSE,FALSE,FALSE,FALSE,FALSE,"none"
"x31311757","Google Maps","googlemaps","","Find what you need by getting the latest information on businesses, including grocery stores, pharmacies and other important places with Google Maps.","https://t.co/xcRgWLk1TG",FALSE,3820505,58,16676,2009-04-15 02:29:52,3338,,,TRUE,TRUE,75824,,FALSE,FALSE,FALSE,"000000","http://abs.twimg.com/images/themes/theme1/bg.png","https://abs.twimg.com/images/themes/theme1/bg.png",FALSE,"http://pbs.twimg.com/profile_images/1344316466921959424/Z5pUSDeE_normal.jpg","https://pbs.twimg.com/profile_images/1344316466921959424/Z5pUSDeE_normal.jpg","https://pbs.twimg.com/profile_banners/31311757/1609344997","0084B4","FFFFFF","EDF0FC","333333",TRUE,TRUE,FALSE,FALSE,FALSE,FALSE,FALSE,"none"
"x31285982","Google Earth","googleearth","","Google Earth, #EarthEngine, and Earth Outreach. The whole world in your browser.","https://t.co/QTfBOkg3kR",FALSE,1091084,279,5717,2009-04-15 00:50:55,3119,,,TRUE,TRUE,3765,,FALSE,FALSE,FALSE,"EDECE9","http://abs.twimg.com/images/themes/theme3/bg.gif","https://abs.twimg.com/images/themes/theme3/bg.gif",FALSE,"http://pbs.twimg.com/profile_images/854272241449799680/e_NsMovl_normal.jpg","https://pbs.twimg.com/profile_images/854272241449799680/e_NsMovl_normal.jpg","https://pbs.twimg.com/profile_banners/31285982/1576598221","088253","D3D2CF","E3E2DE","634047",TRUE,FALSE,FALSE,FALSE,FALSE,FALSE,FALSE,"none"
"x31171669","waze","waze","Worldwide","Install Waze for free today at https://t.co/tdr1U4mz1f. Share how you've outsmarted traffic with #WazeWin on social media & we'll share our favorites.","https://t.co/6iCT5hewWt",FALSE,263035,357,2697,2009-04-14 17:19:07,27066,,,TRUE,TRUE,304195,,FALSE,FALSE,FALSE,"8ABFCC","http://abs.twimg.com/images/themes/theme1/bg.png","https://abs.twimg.com/images/themes/theme1/bg.png",FALSE,"http://pbs.twimg.com/profile_images/1323989631327735810/3raUOjHB_normal.jpg","https://pbs.twimg.com/profile_images/1323989631327735810/3raUOjHB_normal.jpg","https://pbs.twimg.com/profile_banners/31171669/1593435871","CC3366","FFFFFF","DDFFCC","333333",TRUE,FALSE,FALSE,FALSE,FALSE,FALSE,FALSE,"none"
"x25412522","Google AdSense","AdSense","","News and updates from the Google AdSense team. Have questions? Visit http://t.co/477flsE2PP for help.","https://t.co/2Br5WlfefF",FALSE,560707,119,7664,2009-03-19 23:43:17,392,,,FALSE,TRUE,4422,,FALSE,FALSE,FALSE,"FFFFFF","http://abs.twimg.com/images/themes/theme1/bg.png","https://abs.twimg.com/images/themes/theme1/bg.png",FALSE,"http://pbs.twimg.com/profile_images/1022058466708516864/xvWejEyc_normal.jpg","https://pbs.twimg.com/profile_images/1022058466708516864/xvWejEyc_normal.jpg","https://pbs.twimg.com/profile_banners/25412522/1608075115","0084B4","FFFFFF","DDEEF6","333333",FALSE,FALSE,FALSE,FALSE,FALSE,FALSE,FALSE,"none"
"x23000450","Google Maps Platform","GMapsPlatform","Mountain View, CA","Add maps and location to your iOS, Android and web apps with Google Maps Platform","https://t.co/ZE30sSCatj",FALSE,282097,140,2814,2009-03-05 23:54:35,1012,,,TRUE,TRUE,4586,,FALSE,FALSE,FALSE,"C0DEED","http://abs.twimg.com/images/themes/theme1/bg.png","https://abs.twimg.com/images/themes/theme1/bg.png",FALSE,"http://pbs.twimg.com/profile_images/1225439339917737984/5bPYF1Wc_normal.png","https://pbs.twimg.com/profile_images/1225439339917737984/5bPYF1Wc_normal.png","https://pbs.twimg.com/profile_banners/23000450/1525288101","0084B4","FFFFFF","DDEEF6","333333",TRUE,FALSE,FALSE,FALSE,FALSE,FALSE,FALSE,"none"
"x22046611","Google Search Central","googlesearchc","","News and resources from Google Search to help people make great sites.","https://t.co/dfTUzNf9kn",FALSE,440290,44,7383,2009-02-26 19:06:36,606,,,FALSE,TRUE,2194,,FALSE,FALSE,FALSE,"60C8F0","http://abs.twimg.com/images/themes/theme1/bg.png","https://abs.twimg.com/images/themes/theme1/bg.png",FALSE,"http://pbs.twimg.com/profile_images/1326578374085472256/zBYZNAJN_normal.jpg","https://pbs.twimg.com/profile_images/1326578374085472256/zBYZNAJN_normal.jpg","https://pbs.twimg.com/profile_banners/22046611/1605115907","0084B4","FFFFFF","DDFFCC","333333",TRUE,FALSE,FALSE,FALSE,FALSE,FALSE,FALSE,"none"
"x19367815","Google Cloud","googlecloud","","Solve your toughest business challenges with: <U+21E8> Carbon neutral infrastructure <U+21E8> Powerful data analytics <U+21E8> Commitment to open source <U+21E8> Leading price-performance","https://t.co/0X1XBXBTrC",FALSE,286351,1047,6195,2009-01-22 23:01:56,4819,,,FALSE,TRUE,8469,,FALSE,FALSE,FALSE,"FFFFFF","http://abs.twimg.com/images/themes/theme1/bg.png","https://abs.twimg.com/images/themes/theme1/bg.png",FALSE,"http://pbs.twimg.com/profile_images/1190319303041724417/1a61e4pu_normal.jpg","https://pbs.twimg.com/profile_images/1190319303041724417/1a61e4pu_normal.jpg","https://pbs.twimg.com/profile_banners/19367815/1600098696","1B95E0","FFFFFF","FFFFFF","333333",FALSE,FALSE,FALSE,FALSE,FALSE,FALSE,FALSE,"none"
"x18780567","Blogger","Blogger","Mountain View, CA","The official Twitter account for the Blogger product team. This account is not monitored. For help, please go to the Blogger Support Community https://t.co/RFOUpWYS2I","http://t.co/TPQaifpk0J",TRUE,237154,9,6565,2009-01-08 21:38:52,23,,,FALSE,TRUE,1326,,FALSE,FALSE,FALSE,"C0DEED","http://abs.twimg.com/images/themes/theme1/bg.png","https://abs.twimg.com/images/themes/theme1/bg.png",FALSE,"http://pbs.twimg.com/profile_images/843990035431010305/KSyS7Xtu_normal.jpg","https://pbs.twimg.com/profile_images/843990035431010305/KSyS7Xtu_normal.jpg","https://pbs.twimg.com/profile_banners/18780567/1490058902","1DA1F2","C0DEED","DDEEF6","333333",TRUE,FALSE,TRUE,FALSE,FALSE,FALSE,FALSE,"none"
"x17003765","Google Workspace","GoogleWorkspace","Mountain View, CA","Everything you need to get anything done, now in one place.","https://t.co/KepIGq6hzd",FALSE,862739,6313,8990,2008-10-27 18:29:35,3429,,,TRUE,TRUE,25694,,FALSE,FALSE,FALSE,"FFFFFF","http://abs.twimg.com/images/themes/theme1/bg.png","https://abs.twimg.com/images/themes/theme1/bg.png",FALSE,"http://pbs.twimg.com/profile_images/1313389057792147456/tpQNbgMz_normal.jpg","https://pbs.twimg.com/profile_images/1313389057792147456/tpQNbgMz_normal.jpg","https://pbs.twimg.com/profile_banners/17003765/1601971425","4285F4","FFFFFF","FFFFFF","333333",FALSE,FALSE,FALSE,FALSE,FALSE,FALSE,FALSE,"none"
"x15813140","Google Cloud Platform","GCPcloud","","Helping you build what's next with secure infrastructure, developer tools, APIs, data analytics and machine learning.",,FALSE,892828,1689,8366,2008-08-11 20:08:12,3486,,,FALSE,TRUE,17817,,FALSE,FALSE,FALSE,"4285F4","http://abs.twimg.com/images/themes/theme1/bg.png","https://abs.twimg.com/images/themes/theme1/bg.png",FALSE,"http://pbs.twimg.com/profile_images/1219725421962571779/_qstUQx__normal.jpg","https://pbs.twimg.com/profile_images/1219725421962571779/_qstUQx__normal.jpg","https://pbs.twimg.com/profile_banners/15813140/1600098580","549CF5","FFFFFF","FFFFFF","000000",TRUE,FALSE,FALSE,FALSE,FALSE,FALSE,FALSE,"none"
"x10228272","YouTube","YouTube","San Bruno, CA","Like and subscribe.","https://t.co/qkVaJFk2CG",FALSE,72828153,1198,78849,2007-11-13 21:43:46,5347,,,FALSE,TRUE,30779,,FALSE,FALSE,TRUE,"AF0000","http://abs.twimg.com/images/themes/theme14/bg.gif","https://abs.twimg.com/images/themes/theme14/bg.gif",TRUE,"http://pbs.twimg.com/profile_images/1308106203860529152/yOwTDF9G_normal.jpg","https://pbs.twimg.com/profile_images/1308106203860529152/yOwTDF9G_normal.jpg","https://pbs.twimg.com/profile_banners/10228272/1611327084","C9191D","000000","EFEFEF","333333",TRUE,FALSE,FALSE,FALSE,FALSE,FALSE,FALSE,"regular"
